[{"name":"Olive Drab","hexValue":"#515347"},{"name":"Earth Brown","hexValue":"#473622"},{"name":"Earth Red","hexValue":"#71463E"},{"name":"Field Drab","hexValue":"#5B462B"},{"name":"Earth Yellow","hexValue":"#B48E5D"},{"name":"Sand","hexValue":"#948B6C"},{"name":"Desert Sand","hexValue":"#E7913A"},{"name":"Forest Green","hexValue":"#423F2C"},{"name":"Dark Green","hexValue":"#454932"},{"name":"Light Green","hexValue":"#536437"},{"name":"Black","hexValue":"#051111"},{"name":"Brown Special","hexValue":"#432F15"},{"name":"Insignia Red","hexValue":"#9B2F25"},{"name":"Pink","hexValue":"#ECB2A6"},{"name":"International Orange","hexValue":"#BA160C"},{"name":"Orange Yellow","hexValue":"#F5AB30"},{"name":"Blue Angels Yellow","hexValue":"#FDD31D"},{"name":"Lime Yellow","hexValue":"#DBE568"},{"name":"Green","hexValue":"#373D2F"},{"name":"Dark Blue","hexValue":"#023457"},{"name":"Sea Blue","hexValue":"#070D09"},{"name":"Insignia Blue","hexValue":"#2A3141"},{"name":"Blue Angles Blue","hexValue":"#070D1B"},{"name":"Blue","hexValue":"#001068"},{"name":"Bright Blue","hexValue":"#0E5A8B"},{"name":"Sky Blue","hexValue":"#7CBCE0"},{"name":"Air Superiority Blue","hexValue":"#72A0C1"},{"name":"Engine Gray","hexValue":"#353736"},{"name":"Light Gull Gray","hexValue":"#8A8685"},{"name":"Aircraft Gray","hexValue":"#9EA2A3"},{"name":"Ganadian Voodoo Gray","hexValue":"#B8B7A3"},{"name":"Gold","hexValue":"#B7974C"},{"name":"Purple","hexValue":"#794B7C"},{"name":"Aluminum Silver","hexValue":"#8C8D91"},{"name":"Insignia White","hexValue":"#EDF2F8"},{"name":"Fluorescent Red Orange","hexValue":"#FC8427"},{"name":"Maroon","hexValue":"#531F23"},{"name":"Brown","hexValue":"#4A3733"},{"name":"Brown Yellow","hexValue":"#93400A"},{"name":"Red Brown","hexValue":"#83321F"},{"name":"Tan","hexValue":"#BC7756"},{"name":"Yellow Sand","hexValue":"#A28744"},{"name":"Night Tan","hexValue":"#AB967B"},{"name":"Red","hexValue":"#B41F11"},{"name":"Beige","hexValue":"#DEC26E"},{"name":"Cream","hexValue":"#DBCCA5"},{"name":"Yellow","hexValue":"#FCCE16"},{"name":"Light Blue","hexValue":"#CFD8DD"},{"name":"Dark Gray","hexValue":"#343A48"},{"name":"Gray","hexValue":"#172339"},{"name":"Seaplane Gray","hexValue":"#3B3F42"},{"name":"Medium Gunship Gray","hexValue":"#3F4952"},{"name":"Medium Gray","hexValue":"#797F7F"},{"name":"Dark Compass Ghost Gray","hexValue":"#808C8C"},{"name":"Light Campers Ghost Gray","hexValue":"#9598A1"},{"name":"White","hexValue":"#FBFEEB"},{"name":"Fluorescent Red","hexValue":"#FB2B11"},{"name":"Leather Brown","hexValue":"#443724"},{"name":"Hull Red","hexValue":"#4D140B"},{"name":"Sand Brown","hexValue":"#948B6C"},{"name":"Orange","hexValue":"#EF6C00"},{"name":"Ochre","hexValue":"#BD8846"},{"name":"Dessert Tan","hexValue":"#A38C6C"},{"name":"Dark Yellow","hexValue":"#A59272"},{"name":"Middlestone","hexValue":"#C7AB84"},{"name":"Radome Tan","hexValue":"#F1C7A1"},{"name":"Aircraft Green","hexValue":"#2A2C1F"},{"name":"USMC Green","hexValue":"#373D31"},{"name":"I R Dark Green","hexValue":"#404034"},{"name":"Green 383","hexValue":"#3E3D29"},{"name":"Field Green","hexValue":"#3B482C"},{"name":"Medium Green","hexValue":"#1B4B21"},{"name":"Deep Green","hexValue":"#4B654A"},{"name":"Interior Green","hexValue":"#536437"},{"name":"Tan Green","hexValue":"#684D47"},{"name":"Medium Gray Green","hexValue":"#4D6B53"},{"name":"Yellow Green","hexValue":"#51680E"},{"name":"Light Gray Green","hexValue":"#9FAD8C"},{"name":"Sky","hexValue":"#C7C9A4"},{"name":"Intermediate Blue","hexValue":"#56626E"},{"name":"Medium Blue","hexValue":"#436F94"},{"name":"Blue Gray","hexValue":"#687681"},{"name":"Azure Blue","hexValue":"#757FA3"},{"name":"Gray Blue","hexValue":"#67757E"},{"name":"Light Sky Blue","hexValue":"#9DB4C6"},{"name":"Dark Gunship Gray","hexValue":"#3B3F42"},{"name":"Neutral Gray","hexValue":"#606666"},{"name":"Dark Gull Gray","hexValue":"#40474D"},{"name":"Aircraft Exterior Gray","hexValue":"#939498"},{"name":"Flint Gray","hexValue":"#8B8C84"},{"name":"Light Gray","hexValue":"#819490"},{"name":"Light Compass Ghost Gray","hexValue":"#9598A1"},{"name":"Sky Gray","hexValue":"#98A6A7"},{"name":"Flat Aluminum","hexValue":"#8F9395"},{"name":"Black Gray","hexValue":"#24272E"},{"name":"Brown 383","hexValue":"#443724"},{"name":"Tan 686A","hexValue":"#A38C6C"},{"name":"Aircraft Black","hexValue":"#000000"},{"name":"Aircraft White","hexValue":"#EDF2F8"},{"name":"Red Orange","hexValue":"#E43301"},{"name":"Gold Black","hexValue":"#2A2424"},{"name":"Silver","hexValue":"#7C7C7D"},{"name":"Fluorescent Green","hexValue":"#258D2E"},{"name":"Fluorescent Yellow","hexValue":"#EAD138"}]